customer,state,gender,education,customer_lifetime_value,income,monthly_premium_auto,number_of_open_complaints,total_claim_amount,policy_type,vehicle_class
GS98873,Arizona,F,Bachelor,0,16061,88,0,633,Personal Auto,Four-Door Car
CW49887,California,F,Master,0,79487,114,0,547,Special Auto,SUV
MY31220,California,F,College,0,54230,112,0,537,Personal Auto,Two-Door Car
UH35128,Oregon,F,College,0,71210,214,0,1027,Personal Auto,Luxury Car
WH52799,Arizona,F,College,0,94903,94,0,451,Corporate Auto,Two-Door Car
WL99637,Arizona,M,Bachelor,0,27293,96,0,469,Personal Auto,Two-Door Car
UC84059,California,F,Master,0,70950,171,0,565,Personal Auto,Sports Car
HW62747,Oregon,M,College,0,0,63,0,302,Corporate Auto,Four-Door Car
BH11344,Oregon,F,Doctor,0,37009,71,0,145,Corporate Auto,Two-Door Car
TX28465,Nevada,M,College,0,52629,65,0,136,Personal Auto,Four-Door Car
OK56965,California,F,Bachelor,0,31264,198,0,825,Personal Auto,Luxury SUV
WT22392,Oregon,F,College,0,65473,67,0,277,Personal Auto,Four-Door Car
PH85036,Washington,F,Bachelors,0,79325,68,0,251,Corporate Auto,Four-Door Car
KC71643,Oregon,M,High School or Below,0,99144,61,0,292,Corporate Auto,Four-Door Car
NR32615,California,M,College,0,22520,73,0,350,Corporate Auto,Four-Door Car
GS69842,Arizona,F,Bachelor,0,36615,65,0,264,Special Auto,Four-Door Car
WT71621,Washington,F,Bachelors,0,63297,82,0,251,Personal Auto,Four-Door Car
KD23847,Arizona,F,High School or Below,0,76374,61,0,292,Personal Auto,Four-Door Car
PE59368,Washington,F,Bachelors,0,72096,6464,0,252,Personal Auto,Two-Door Car
NK91488,Nevada,M,Master,0,56005,68,0,326,Personal Auto,Four-Door Car
CR33417,Washington,F,Master,0,36529,118,0,255,Personal Auto,SUV
WP73172,Oregon,F,Bachelor,0,81367,103,0,415,Special Auto,SUV
PS30217,California,F,Bachelor,0,44817,83,0,527,Personal Auto,Four-Door Car
EL62967,Oregon,F,High School or Below,0,58508,69,0,57,Personal Auto,Two-Door Car
MU23938,Oregon,M,Bachelor,0,45259,138,0,272,Personal Auto,SUV
VC83809,California,M,Doctor,0,30817,88,0,91,Personal Auto,Four-Door Car
VL34577,Oregon,F,High School or Below,0,0,72,0,345,Personal Auto,Two-Door Car
QE12539,California,M,Doctor,0,40870,105,0,504,Personal Auto,SUV
YO15246,Nevada,M,High School or Below,0,35001,96,0,460,Personal Auto,Four-Door Car
WF73839,Arizona,F,College,0,49937,64,0,302,Personal Auto,Two-Door Car
TJ11671,Oregon,F,Bachelor,0,0,109,0,523,Personal Auto,Four-Door Car
SV34223,California,F,College,0,58317,73,0,350,Personal Auto,Four-Door Car
XD19546,California,F,High School or Below,0,0,109,0,523,Personal Auto,SUV
OY95739,Nevada,M,High School or Below,0,17101,113,0,542,Corporate Auto,SUV
SW57539,California,F,College,0,0,118,0,566,Corporate Auto,SUV
IA62027,Arizona,F,Bachelor,0,0,65,0,468,Personal Auto,Four-Door Car
FZ20933,Oregon,M,High School or Below,0,24398,63,0,302,Personal Auto,Four-Door Car
WR62597,Oregon,M,College,0,24641,61,0,294,Corporate Auto,Four-Door Car
KU61611,Arizona,M,High School or Below,0,69040,108,0,518,Corporate Auto,Sports Car
XW98867,Oregon,M,High School or Below,0,17101,113,0,542,Personal Auto,SUV
PP80817,California,F,High School or Below,0,59886,104,0,71,Personal Auto,Sports Car
DT77901,Oregon,F,Bachelor,0,14290,271,0,1300,Personal Auto,Luxury SUV
DX34647,California,F,College,0,43137,96,0,460,Personal Auto,Two-Door Car
OD56551,Oregon,M,College,0,27978,69,0,447,Personal Auto,Four-Door Car
OO63074,California,F,Bachelor,0,25261,118,0,566,Personal Auto,SUV
EH24828,Nevada,M,College,0,58652,64,0,307,Personal Auto,Four-Door Car
CX99919,Nevada,F,College,0,28321,111,0,537,Corporate Auto,SUV
DG80424,Washington,F,College,0,77411,67,0,257,Personal Auto,Four-Door Car
NU32697,Oregon,M,College,0,0,72,0,518,Corporate Auto,Four-Door Car
PU98976,California,F,Bachelor,0,0,88,0,633,Personal Auto,Four-Door Car
ZR20842,Arizona,M,College,0,94415,127,0,492,Personal Auto,Sports Car
NF35573,Oregon,M,High School or Below,0,0,103,0,1149,Special Auto,SUV
DF66914,Arizona,F,Bachelor,0,45331,100,0,572,Personal Auto,SUV
YM99866,Arizona,M,High School or Below,0,53904,67,0,321,Personal Auto,Four-Door Car
VH62084,California,M,High School or Below,0,0,74,0,811,Personal Auto,Four-Door Car
SE28250,Arizona,M,Bachelor,0,0,70,0,336,Special Auto,Four-Door Car
MD86050,Oregon,M,High School or Below,0,0,67,0,482,Personal Auto,Four-Door Car
GF17866,Oregon,M,College,0,28142,105,0,701,Corporate Auto,Sports Car
UB16654,Washington,M,Master,0,15680,6464,0,260,Personal Auto,Four-Door Car
KO44736,Oregon,M,Bachelor,0,35095,73,0,525,Personal Auto,Two-Door Car
KI55845,Oregon,F,College,0,55588,114,0,547,Personal Auto,SUV
JJ24476,Arizona,F,Master,0,52391,71,0,409,Personal Auto,Two-Door Car
VC68509,Oregon,F,Bachelor,0,42240,79,0,46,Personal Auto,Four-Door Car
QN62502,Oregon,F,Bachelor,0,70146,96,0,157,Personal Auto,Four-Door Car
EL92515,Oregon,F,College,0,41121,94,0,451,Personal Auto,Four-Door Car
VL84149,Oregon,F,College,0,71210,214,0,1027,Corporate Auto,Luxury Car
JX19907,Oregon,M,Bachelor,0,0,107,0,1261,Corporate Auto,Two-Door Car
BC66921,Nevada,F,High School or Below,0,41228,71,0,340,Personal Auto,Four-Door Car
RK24470,Washington,M,Bachelors,0,40113,67,0,262,Corporate Auto,Two-Door Car
GN80437,Oregon,F,College,0,0,91,0,596,Special Auto,Four-Door Car
AH65907,California,F,Bachelor,0,51790,71,0,340,Personal Auto,Four-Door Car
VG57728,California,M,High School or Below,0,92593,68,0,8,Corporate Auto,Four-Door Car
AF81450,California,M,High School or Below,0,28657,100,0,588,Personal Auto,SUV
YI28422,Oregon,M,High School or Below,0,30262,98,0,499,Personal Auto,Four-Door Car
GR26937,Oregon,F,Master,0,47197,81,0,76,Corporate Auto,Four-Door Car
BR99015,California,F,Bachelor,0,0,94,0,451,Personal Auto,Four-Door Car
PB11270,Oregon,F,Bachelor,0,0,61,0,541,Personal Auto,Four-Door Car
PZ89632,Oregon,F,High School or Below,0,0,134,0,964,Personal Auto,SUV
LV62981,Arizona,M,College,0,22093,87,0,616,Corporate Auto,Two-Door Car
AS97690,Arizona,M,College,0,54483,61,0,292,Personal Auto,Two-Door Car
SG32258,Arizona,F,College,0,18944,63,0,125,Personal Auto,Four-Door Car
MY80583,Oregon,F,Bachelor,0,84365,66,0,316,Personal Auto,Four-Door Car
WS57286,Arizona,M,College,0,0,64,0,137,Personal Auto,Four-Door Car
MF53477,California,F,High School or Below,0,25147,101,0,694,Corporate Auto,SUV
DQ28641,Nevada,M,High School or Below,0,14315,71,0,511,Personal Auto,Four-Door Car
EX46492,Arizona,F,Master,0,87864,94,0,421,Personal Auto,Two-Door Car
VW20823,California,M,High School or Below,0,57844,85,0,408,Personal Auto,Four-Door Car
LH26563,Oregon,F,High School or Below,0,17913,116,0,556,Personal Auto,Four-Door Car
FR56877,Arizona,F,High School or Below,0,28806,99,0,475,Special Auto,Four-Door Car
ZY99878,California,M,High School or Below,0,90343,175,0,833,Personal Auto,SUV
CS15289,Oregon,F,Master,0,79041,199,0,419,Personal Auto,Luxury SUV
MM49431,Washington,M,Bachelor,0,74069,63,0,275,Personal Auto,Two-Door Car
IA96447,California,M,College,0,85019,167,0,801,Personal Auto,Sports Car
PT32230,California,F,High School or Below,0,70059,194,0,253,Personal Auto,Luxury SUV
NK73719,California,F,College,0,70503,164,0,41,Corporate Auto,SUV
OH15771,California,M,Bachelor,0,0,117,0,561,Personal Auto,SUV
XP61034,Oregon,M,Bachelor,0,39492,105,0,756,Personal Auto,SUV
ZN34245,Arizona,M,College,0,0,68,0,489,Corporate Auto,Four-Door Car
FX55923,Arizona,M,Bachelor,0,50405,70,0,7,Personal Auto,Four-Door Car
ZZ83340,Oregon,F,Doctor,0,96021,68,0,315,Personal Auto,Two-Door Car
HA99340,Oregon,M,High School or Below,0,0,65,0,422,Personal Auto,Two-Door Car
LE43061,California,M,High School or Below,0,0,105,0,756,Personal Auto,Four-Door Car
UF77413,Oregon,M,College,0,65794,69,0,277,Personal Auto,Four-Door Car
UY45293,Oregon,M,Bachelor,0,21975,95,0,456,Corporate Auto,Four-Door Car
TH84309,California,M,High School or Below,0,0,126,0,604,Personal Auto,SUV
PZ94551,Oregon,F,Bachelor,0,56649,125,0,780,Special Auto,SUV
UE76013,Washington,F,Master,0,35984,128,0,275,Personal Auto,SUV
HS85465,California,M,Bachelor,0,92296,69,0,331,Corporate Auto,Two-Door Car
SI78985,Oregon,F,Bachelor,0,39448,103,0,66,Personal Auto,Four-Door Car
KF50730,California,F,Bachelor,0,71794,131,0,457,Personal Auto,SUV
JO13576,California,F,High School or Below,0,21861,69,0,348,Personal Auto,Four-Door Car
HJ79774,Oregon,F,College,0,31591,72,0,240,Corporate Auto,Four-Door Car
KI18648,Arizona,F,Bachelor,0,60662,68,0,326,Special Auto,Two-Door Car
EL99335,California,F,College,0,20608,73,0,350,Personal Auto,Four-Door Car
LE84979,California,F,Master,0,21331,103,0,419,Personal Auto,SUV
CE12380,Arizona,F,College,0,0,66,0,252,Corporate Auto,Four-Door Car
BJ22117,Washington,M,Master,0,53390,6464,0,278,Personal Auto,Four-Door Car
JF83834,Oregon,M,Doctor,0,36631,62,0,67,Corporate Auto,Four-Door Car
YN10988,California,M,High School or Below,0,0,87,0,417,Personal Auto,Four-Door Car
YX15941,Oregon,M,College,0,26030,139,0,667,Corporate Auto,Sports Car
ZB50601,Nevada,M,College,0,0,70,0,469,Personal Auto,Four-Door Car
HP50399,Nevada,M,Bachelor,0,0,113,0,542,Personal Auto,SUV
GC17585,AZ,M,Bachelor,0,25302,70,0,336,Personal Auto,Four-Door Car
QW17286,Washington,F,Master,0,66030,69,0,282,Personal Auto,Four-Door Car
DO41287,Oregon,M,High School or Below,0,0,82,0,590,Personal Auto,Four-Door Car
GT54462,AZ,M,Bachelor,0,73222,180,0,821,Personal Auto,SUV
BT76268,California,F,College,0,22061,74,0,355,Personal Auto,Four-Door Car
QM38267,AZ,F,High School or Below,0,86321,66,0,316,Personal Auto,Four-Door Car
LP82042,Oregon,M,Bachelor,0,54668,68,0,326,Personal Auto,Four-Door Car
EF52978,AZ,F,High School or Below,0,0,62,0,297,Personal Auto,Four-Door Car
GH54524,California,M,High School or Below,0,69497,142,0,92,Personal Auto,SUV
DP26592,Oregon,M,High School or Below,0,86617,63,0,188,Personal Auto,Four-Door Car
UP29839,Nevada,F,Master,0,22705,239,0,1294,Personal Auto,Luxury SUV
IB80924,Washington,F,High School or Below,0,90783,104,0,285,Personal Auto,SUV
OB55054,Oregon,M,Bachelor,0,88410,99,0,475,Corporate Auto,Four-Door Car
NP91656,California,F,Bachelor,0,0,69,0,496,Personal Auto,Four-Door Car
SH74080,Oregon,F,College,0,21073,106,0,508,Personal Auto,SUV
KN25556,AZ,F,College,0,0,66,0,316,Personal Auto,Four-Door Car
RB38792,Oregon,M,College,0,66429,136,0,57,Personal Auto,Sports Car
QR72180,California,F,Doctor,0,66889,80,0,294,Personal Auto,Four-Door Car
TW64385,California,M,Bachelor,0,36088,72,0,345,Corporate Auto,Four-Door Car
TM13955,Washington,M,Master,0,0,80,0,286,Corporate Auto,Four-Door Car
GF94951,AZ,M,Bachelor,0,0,68,0,489,Corporate Auto,Two-Door Car
NF53775,California,F,College,0,17557,96,0,666,Personal Auto,Four-Door Car
YB58778,California,F,College,0,81064,70,0,42,Personal Auto,Two-Door Car
PH77560,Nevada,F,High School or Below,0,0,66,0,700,Personal Auto,Four-Door Car
ZO14864,Washington,F,Master,0,42526,86,0,287,Personal Auto,Two-Door Car
BI34376,California,F,Doctor,0,45703,98,0,470,Personal Auto,Two-Door Car
UQ63396,California,F,Bachelor,0,40036,65,0,48,Personal Auto,Four-Door Car
BR23201,California,M,Bachelor,0,0,71,0,191,Personal Auto,Four-Door Car
VH45094,AZ,M,High School or Below,0,65870,61,0,202,Personal Auto,Four-Door Car
KD47243,California,F,Bachelor,0,91469,100,0,418,Personal Auto,SUV
MY13737,California,M,High School or Below,0,42090,119,0,203,Corporate Auto,SUV
OR48881,Oregon,F,Doctor,0,21368,79,0,4,Corporate Auto,Four-Door Car
BD77090,Washington,F,Bachelors,0,79090,107,0,289,Personal Auto,SUV
LW77178,Oregon,F,Bachelor,0,33879,98,0,470,Corporate Auto,Two-Door Car
BQ12347,AZ,M,High School or Below,0,72874,70,0,336,Special Auto,Four-Door Car
FF61670,California,M,High School or Below,0,0,82,0,393,Personal Auto,Four-Door Car
PM61374,California,F,Bachelor,0,0,110,0,550,Personal Auto,Two-Door Car
BW25236,AZ,M,College,0,72215,66,0,247,Personal Auto,Four-Door Car
XO22038,California,F,Bachelor,0,39854,66,0,261,Corporate Auto,Two-Door Car
QG51953,Oregon,M,College,0,36655,61,0,295,Personal Auto,Four-Door Car
SZ56338,Oregon,F,High School or Below,0,37995,139,0,667,Personal Auto,SUV
PX60116,California,F,High School or Below,0,40867,112,0,537,Corporate Auto,Two-Door Car
BW46202,Oregon,F,Bachelor,0,28804,78,0,76,Personal Auto,Two-Door Car
GW14109,California,F,High School or Below,0,48409,124,0,345,Special Auto,SUV
GP42026,California,M,High School or Below,0,19683,117,0,561,Personal Auto,Sports Car
DH41343,Washington,nan,College,0,92834,61,0,292,Special Auto,Four-Door Car
PY42157,Washington,F,High School or Below,0,62006,61,0,292,Personal Auto,Four-Door Car
OL36978,California,F,High School or Below,0,67241,68,0,5,Personal Auto,Two-Door Car
KT40899,California,M,High School or Below,0,75436,78,0,9,Personal Auto,Four-Door Car
WE60408,AZ,F,College,0,91761,109,0,779,Personal Auto,SUV
LG64797,California,F,College,0,25771,222,0,1253,Personal Auto,Luxury SUV
MD87746,Oregon,M,College,0,60920,64,0,231,Personal Auto,Two-Door Car
QP80741,Washington,F,College,0,0,61,0,292,Corporate Auto,Four-Door Car
WO59883,Washington,F,High School or Below,0,29822,61,0,292,Personal Auto,Two-Door Car
MU79385,AZ,M,College,0,60944,130,0,623,Personal Auto,SUV
JH30384,California,F,High School or Below,0,22081,84,0,451,Personal Auto,Two-Door Car
LL45497,Washington,female,College,0,67282,62,0,297,Personal Auto,Two-Door Car
SK95364,California,F,College,0,0,130,0,936,Personal Auto,SUV
VG56765,Arizona,M,High School or Below,0,95697,61,0,114,Personal Auto,Two-Door Car
NE24371,Oregon,F,College,0,15300,85,0,408,Personal Auto,Four-Door Car
KR48903,Washington,M,High School or Below,0,88264,62,0,297,Personal Auto,Two-Door Car
ZF27999,Nevada,F,College,0,12902,139,0,667,Personal Auto,Sports Car
MH40017,Arizona,M,High School or Below,0,29809,61,0,365,Personal Auto,Four-Door Car
YJ99764,Nevada,M,High School or Below,0,0,74,0,355,Personal Auto,Four-Door Car
AG22225,Oregon,M,High School or Below,0,0,96,0,460,Personal Auto,Four-Door Car
ZJ26179,Oregon,M,Bachelor,0,25998,71,0,791,Personal Auto,Four-Door Car
VO36036,Oregon,F,Doctor,0,28248,90,0,634,Personal Auto,Four-Door Car
ZQ94281,California,F,College,0,68103,82,0,277,Personal Auto,Two-Door Car
CK40732,California,F,High School or Below,0,0,103,0,741,Special Auto,Four-Door Car
UT73461,Oregon,F,Doctor,0,81079,111,0,134,Special Auto,SUV
LT57320,Nevada,F,Master,0,22732,62,0,15,Personal Auto,Four-Door Car
BZ44726,Nevada,F,High School or Below,0,49825,70,0,336,Corporate Auto,Two-Door Car
VU32116,Oregon,F,College,0,0,103,0,621,Personal Auto,SUV
EG94326,Nevada,M,High School or Below,0,77265,107,0,513,Personal Auto,SUV
EJ43595,California,M,High School or Below,0,0,72,0,779,Corporate Auto,Four-Door Car
QI37869,California,M,College,0,12876,107,0,425,Corporate Auto,Four-Door Car
SX65826,Arizona,M,Bachelor,0,36431,99,0,513,Personal Auto,Two-Door Car
XO42145,Oregon,M,High School or Below,0,25927,103,0,674,Personal Auto,SUV
WJ74851,Nevada,F,Bachelor,0,26811,72,0,465,Personal Auto,Two-Door Car
IG68709,Oregon,F,High School or Below,0,41711,90,0,351,Personal Auto,Four-Door Car
AC75391,Arizona,F,College,0,35091,74,0,418,Corporate Auto,Two-Door Car
WO94087,Arizona,F,Bachelor,0,0,87,0,417,Corporate Auto,Four-Door Car
YJ69332,Oregon,F,High School or Below,0,22081,84,0,451,Personal Auto,Two-Door Car
WX87964,Washington,M,High School or Below,0,29560,62,0,297,Personal Auto,Four-Door Car
PD32641,Oregon,M,College,0,31320,72,0,293,Personal Auto,Four-Door Car
CK39096,Oregon,M,High School or Below,0,0,153,0,1027,Personal Auto,SUV
QV19964,Oregon,M,Doctor,0,33947,66,0,192,Personal Auto,Four-Door Car
BF72793,California,F,High School or Below,0,0,62,0,446,Personal Auto,Two-Door Car
WB12017,California,F,College,0,21189,66,0,316,Personal Auto,Two-Door Car
JO17193,Washington,M,Bachelors,0,25905,63,0,302,Personal Auto,Four-Door Car
AY84441,Oregon,M,High School or Below,0,0,114,0,820,Personal Auto,SUV
JQ65500,Oregon,F,Bachelor,0,44988,108,0,518,Corporate Auto,Two-Door Car
OI29521,Oregon,F,College,0,33432,90,0,161,Corporate Auto,Two-Door Car
MJ51323,Oregon,F,Bachelor,0,46503,215,0,1032,Personal Auto,Luxury SUV
QI64880,California,M,Bachelor,0,0,101,0,973,Corporate Auto,SUV
HV93429,Oregon,F,Master,0,23636,65,0,81,Personal Auto,Four-Door Car
TA89713,Oregon,M,College,0,66429,136,0,57,Personal Auto,Sports Car
OB98149,Washington,F,College,0,11417,63,0,302,Personal Auto,Two-Door Car
LE65901,Oregon,F,Bachelor,0,58082,112,0,103,Personal Auto,SUV
FF68864,Arizona,F,Bachelor,0,36523,71,0,101,Personal Auto,Four-Door Car
YX99200,Nevada,M,Bachelor,0,54710,103,0,294,Personal Auto,Two-Door Car
LZ26801,California,F,High School or Below,0,73466,102,0,204,Personal Auto,SUV
TA66375,Oregon,F,Bachelor,0,51643,283,0,1358,Corporate Auto,Luxury Car
SC92090,Arizona,M,College,0,83846,74,0,355,Personal Auto,Four-Door Car
TK40018,Oregon,M,High School or Below,0,0,169,0,1207,Personal Auto,SUV
ZD63451,California,M,Bachelor,0,53338,63,0,35,Personal Auto,Four-Door Car
AO98601,Washington,nan,Bachelor,0,54500,63,0,302,Corporate Auto,Two-Door Car
DT35588,Oregon,M,College,0,60475,107,0,513,Personal Auto,Four-Door Car
VF87723,California,M,College,0,30658,89,0,441,Personal Auto,Four-Door Car
QP69826,Arizona,M,Bachelor,0,0,102,0,660,Corporate Auto,SUV
UW37050,Oregon,F,Bachelor,0,60420,248,0,632,Personal Auto,Luxury SUV
UH62254,Oregon,M,Bachelor,0,0,65,0,312,Personal Auto,Two-Door Car
IA15979,Washington,M,College,0,40598,91,0,302,Personal Auto,Four-Door Car
DB71122,California,F,Doctor,0,15144,90,0,372,Personal Auto,Four-Door Car
TM14491,California,M,Bachelor,0,44428,104,0,499,Personal Auto,SUV
OY94707,California,M,College,0,58297,97,0,647,Special Auto,Four-Door Car
LN55080,Oregon,F,Bachelor,0,42191,74,0,68,Special Auto,Two-Door Car
TZ47750,Nevada,M,Master,0,26057,74,0,523,Personal Auto,Four-Door Car
SJ74501,Arizona,F,Bachelor,0,26608,73,0,234,Personal Auto,Two-Door Car
LE26899,California,M,Doctor,0,0,63,0,272,Personal Auto,Four-Door Car
ML34366,California,M,College,0,66429,136,0,57,Personal Auto,Sports Car
EI45850,California,F,Bachelor,0,25970,72,0,430,Personal Auto,Four-Door Car
LD75023,Oregon,M,High School or Below,0,48268,223,0,1605,Personal Auto,Luxury SUV
JW12998,California,F,High School or Below,0,24279,126,0,604,Personal Auto,Sports Car
LP47259,Arizona,M,High School or Below,0,0,121,0,871,Corporate Auto,Sports Car
XD21246,Oregon,F,High School or Below,0,0,128,0,921,Personal Auto,SUV
DW59142,Nevada,F,High School or Below,0,71879,64,0,9,Corporate Auto,Two-Door Car
KX54900,Arizona,M,Doctor,0,57760,78,0,223,Special Auto,Four-Door Car
XV83643,California,M,College,0,20976,129,0,735,Personal Auto,Sports Car
XY33610,Washington,M,College,0,97750,65,0,303,Personal Auto,Four-Door Car
GK48045,Washington,F,College,0,73245,68,0,305,Personal Auto,Four-Door Car
ET79528,California,M,College,0,23008,79,0,80,Personal Auto,Four-Door Car
RA66180,Washington,F,High School or Below,0,33837,72,0,305,Corporate Auto,Two-Door Car
BC66536,Arizona,F,High School or Below,0,84869,85,0,408,Corporate Auto,Four-Door Car
PN22481,Oregon,M,College,0,0,66,0,316,Corporate Auto,Two-Door Car
XR95069,Washington,nan,Bachelor,0,29834,6464,0,307,Personal Auto,Four-Door Car
IF38438,Arizona,F,High School or Below,0,44695,79,0,81,Personal Auto,Two-Door Car
ZC62609,Oregon,F,High School or Below,0,0,77,0,554,Personal Auto,Four-Door Car
FD64348,Oregon,M,High School or Below,0,23046,65,0,1,Personal Auto,Two-Door Car
TA58285,Oregon,M,High School or Below,0,0,73,0,392,Personal Auto,Two-Door Car
WV66165,Oregon,F,High School or Below,0,84811,111,0,278,Personal Auto,SUV
YE27183,Oregon,M,Bachelor,0,0,91,0,436,Corporate Auto,Four-Door Car
TI47802,California,F,Master,0,0,69,0,331,Personal Auto,Two-Door Car
ZZ44902,Arizona,M,High School or Below,0,40117,108,0,750,Personal Auto,Two-Door Car
JD73594,Oregon,M,Bachelor,0,72140,87,0,417,Personal Auto,Four-Door Car
VW82067,Washington,F,Master,0,97131,6464,0,307,Personal Auto,Four-Door Car
JS55721,California,M,College,0,12495,65,0,312,Personal Auto,Four-Door Car
ZB62469,California,M,High School or Below,0,0,67,0,482,Corporate Auto,Two-Door Car
HZ74609,Oregon,F,Bachelor,0,0,72,0,345,Personal Auto,Four-Door Car
TJ76363,Arizona,F,Doctor,0,36495,133,0,229,Corporate Auto,SUV
QZ58370,Nevada,F,Bachelor,0,86801,98,0,371,Personal Auto,Four-Door Car
RF44930,California,M,College,0,52679,62,0,117,Personal Auto,Four-Door Car
VJ44100,California,M,Master,0,90804,113,0,434,Personal Auto,Sports Car
KN13494,Washington,F,Master,0,97131,6464,0,307,Personal Auto,Four-Door Car
NL80137,Oregon,F,College,0,14262,90,0,290,Personal Auto,Four-Door Car
NZ57065,Oregon,M,Bachelor,0,36844,73,0,283,Personal Auto,Four-Door Car
NM42917,Arizona,F,College,0,58703,127,0,227,Personal Auto,SUV
RR68322,Nevada,M,High School or Below,0,65162,86,0,134,Personal Auto,Four-Door Car
OF78862,Oregon,F,College,0,54964,99,0,525,Personal Auto,Four-Door Car
SC93784,Oregon,M,Bachelor,0,61401,69,0,144,Personal Auto,Four-Door Car
CM59084,Oregon,F,High School or Below,0,25147,101,0,694,Corporate Auto,SUV
QA41558,Oregon,F,Master,0,73536,67,0,172,Personal Auto,Two-Door Car
SD62061,Oregon,F,High School or Below,0,24860,73,0,350,Personal Auto,Four-Door Car
VP13613,California,M,Bachelor,0,65404,99,0,300,Personal Auto,Four-Door Car
HF96939,Oregon,M,High School or Below,0,34510,81,0,388,Personal Auto,Four-Door Car
DU18362,California,M,Bachelor,0,0,108,0,777,Corporate Auto,Two-Door Car
UG34438,Washington,F,College,0,44552,137,0,311,Personal Auto,SUV
XQ19793,Arizona,M,High School or Below,0,20993,133,0,638,Personal Auto,SUV
OB77084,Oregon,F,Bachelor,0,0,61,0,292,Personal Auto,Two-Door Car
LK74984,Washington,M,High School or Below,0,21190,65,0,312,Personal Auto,Four-Door Car
JE13986,Arizona,F,College,0,62587,86,0,412,Personal Auto,Four-Door Car
QR15221,Washington,F,High School or Below,0,22562,65,0,312,Personal Auto,Two-Door Car
LD49835,California,M,High School or Below,0,73345,107,0,513,Personal Auto,SUV
EK19337,Oregon,F,High School or Below,0,0,83,0,989,Personal Auto,Four-Door Car
GD55093,California,F,Master,0,22705,239,0,1294,Personal Auto,Luxury SUV
RX19151,Washington,M,Bachelors,0,67137,111,0,314,Personal Auto,SUV
TJ30354,Oregon,F,Bachelor,0,22627,67,0,321,Personal Auto,Four-Door Car
TA75663,California,F,Master,0,38702,101,0,253,Personal Auto,SUV
WG15841,California,M,Bachelor,0,26790,71,0,340,Personal Auto,Two-Door Car
LO68739,Arizona,F,Bachelor,0,64859,96,0,266,Personal Auto,Four-Door Car
BE61743,Washington,M,Bachelor,0,86657,103,0,316,Personal Auto,Sports Car
EG56026,Nevada,F,High School or Below,0,69263,81,0,494,Personal Auto,Two-Door Car
VF21395,Oregon,M,Bachelor,0,82655,66,0,316,Personal Auto,Two-Door Car
SI11249,California,F,High School or Below,0,29401,65,0,312,Personal Auto,Four-Door Car
PU95227,Washington,M,Bachelors,0,22853,87,0,316,Personal Auto,Four-Door Car
VO87785,Arizona,F,College,0,26480,63,0,378,Personal Auto,Two-Door Car
FS29897,Oregon,F,High School or Below,0,0,61,0,292,Personal Auto,Four-Door Car
JG36165,California,M,Bachelor,0,0,83,0,904,Personal Auto,Two-Door Car
SJ42058,Oregon,F,High School or Below,0,73268,84,0,93,Personal Auto,Four-Door Car
CU13711,Oregon,F,Doctor,0,95579,67,0,308,Personal Auto,Four-Door Car
GT65065,Oregon,F,Master,0,42142,112,0,396,Personal Auto,Sports Car
LO77543,Washington,M,College,0,72302,66,0,316,Special Auto,Two-Door Car
UQ85283,California,M,Bachelor,0,41279,115,0,251,Personal Auto,Sports Car
QA49556,Washington,M,Master,0,23401,66,0,316,Personal Auto,Four-Door Car
GE29173,Nevada,M,Bachelor,0,0,128,0,1448,Corporate Auto,SUV
DF21541,Arizona,F,College,0,23170,71,0,340,Personal Auto,Four-Door Car
JL59571,Oregon,F,Bachelor,0,17343,63,0,208,Corporate Auto,Two-Door Car
DF94525,Oregon,M,College,0,25854,68,0,396,Personal Auto,Four-Door Car
YO58424,Oregon,M,College,0,46900,66,0,316,Corporate Auto,Four-Door Car
UF32671,Washington,F,College,0,57338,66,0,316,Personal Auto,Four-Door Car
HO92982,California,M,High School or Below,0,85355,71,0,458,Personal Auto,Two-Door Car
MZ24175,Arizona,F,College,0,21604,79,0,379,Personal Auto,Four-Door Car
YD48962,Arizona,M,High School or Below,0,0,107,0,513,Personal Auto,SUV
RI52095,Washington,M,High School or Below,0,51878,66,0,316,Personal Auto,Four-Door Car
MF18493,California,M,College,0,0,73,0,350,Personal Auto,Two-Door Car
EP61084,Nevada,F,High School or Below,0,68776,80,0,87,Personal Auto,Four-Door Car
EN38348,Oregon,F,High School or Below,0,45039,96,0,192,Personal Auto,Four-Door Car
FG46258,Washington,F,College,0,16483,90,0,320,Corporate Auto,Two-Door Car
LS98306,Nevada,M,High School or Below,0,64113,117,0,561,Special Auto,Four-Door Car
PZ47477,Arizona,M,High School or Below,0,41829,76,0,416,Personal Auto,Two-Door Car
LT32391,California,F,Master,0,21514,62,0,257,Personal Auto,Two-Door Car
KK30016,Nevada,M,Master,0,27722,69,0,331,Personal Auto,Four-Door Car
OA89218,Nevada,F,College,0,21506,151,0,826,Personal Auto,Sports Car
CY47265,Oregon,F,High School or Below,0,10312,78,0,486,Personal Auto,Four-Door Car
ZI47663,Arizona,F,Bachelor,0,73054,106,0,419,Personal Auto,SUV
GO14008,Oregon,F,Bachelor,0,73775,67,0,321,Personal Auto,Four-Door Car
BC43958,California,M,High School or Below,0,44788,61,0,386,Corporate Auto,Four-Door Car
AI61368,Nevada,F,High School or Below,0,22510,95,0,456,Personal Auto,Four-Door Car
UF37831,Arizona,M,Master,0,54613,213,0,731,Personal Auto,Luxury SUV
PO90615,Arizona,F,High School or Below,0,25965,65,0,329,Personal Auto,Four-Door Car
GY74661,Oregon,F,College,0,34911,105,0,126,Personal Auto,SUV
MX50302,Oregon,M,Bachelor,0,78618,66,0,225,Special Auto,Two-Door Car
TC84427,Oregon,F,High School or Below,0,61080,66,0,294,Personal Auto,Four-Door Car
IQ82914,Oregon,F,Master,0,60415,62,0,72,Personal Auto,Two-Door Car
TY74870,California,F,Master,0,25143,66,0,8,Corporate Auto,Four-Door Car
II83628,California,M,College,0,41045,64,0,394,Personal Auto,Four-Door Car
ZR77995,California,M,College,0,97729,95,0,97,Personal Auto,Four-Door Car
QT89604,Arizona,F,High School or Below,0,55702,61,0,151,Personal Auto,Four-Door Car
AB21519,California,F,College,0,93272,95,0,281,Personal Auto,Four-Door Car
MP47256,California,M,Bachelor,0,23665,67,0,404,Personal Auto,Four-Door Car
MA47641,Oregon,M,High School or Below,0,20228,101,0,523,Personal Auto,SUV
GQ20713,Nevada,F,College,0,38713,66,0,316,Personal Auto,Four-Door Car
WW87934,Arizona,F,Bachelor,0,23815,73,0,424,Personal Auto,Four-Door Car
HF75276,Nevada,F,High School or Below,0,0,93,0,446,Personal Auto,Four-Door Car
ET64028,California,F,High School or Below,0,47221,99,0,475,Personal Auto,Two-Door Car
QA41472,Oregon,M,Bachelor,0,34495,113,0,389,Personal Auto,SUV
OZ92426,Oregon,M,College,0,46264,62,0,199,Corporate Auto,Four-Door Car
UM69933,Nevada,M,College,0,46051,63,0,302,Personal Auto,Two-Door Car
RQ11502,Nevada,F,Bachelor,0,23975,128,0,614,Corporate Auto,SUV
TX98128,California,F,College,0,0,74,0,580,Personal Auto,Four-Door Car
XY52165,Arizona,F,College,0,78561,74,0,355,Personal Auto,Two-Door Car
GB39003,California,M,High School or Below,0,0,90,0,432,Personal Auto,Two-Door Car
VH43367,California,F,High School or Below,0,61402,63,0,302,Special Auto,Four-Door Car
KG81168,Arizona,M,Bachelor,0,65090,71,0,73,Personal Auto,Four-Door Car
WU14549,Nevada,M,Master,0,88495,108,0,535,Personal Auto,Two-Door Car
XB17553,Nevada,M,Bachelor,0,52797,104,0,88,Personal Auto,Sports Car
MY88518,Nevada,M,Doctor,0,31278,92,0,441,Personal Auto,Two-Door Car
XE18554,California,F,Bachelor,0,24177,92,0,441,Personal Auto,Four-Door Car
NY97446,Oregon,F,High School or Below,0,96339,68,0,293,Corporate Auto,Four-Door Car
VT96364,California,M,Bachelor,0,68164,119,0,222,Personal Auto,Four-Door Car
HF88410,Washington,nan,High School or Below,0,36765,66,0,320,Personal Auto,Four-Door Car
DP92488,Washington,F,Doctor,0,74592,67,0,321,Personal Auto,Two-Door Car
VC54081,Oregon,F,College,0,0,63,0,117,Special Auto,Four-Door Car
CE94751,California,M,College,0,0,70,0,524,Personal Auto,Two-Door Car
VM85856,Oregon,F,Master,0,34990,65,0,42,Personal Auto,Four-Door Car
EH37385,Arizona,F,Master,0,22849,109,0,523,Personal Auto,Sports Car
FI45719,Arizona,M,Doctor,0,32893,63,0,174,Personal Auto,Four-Door Car
SB79528,Oregon,M,College,0,0,73,0,350,Corporate Auto,Two-Door Car
WH81461,Nevada,M,College,0,0,111,0,1186,Personal Auto,SUV
UD47050,Oregon,M,High School or Below,0,26876,76,0,364,Corporate Auto,Four-Door Car
XZ17273,Nevada,M,Bachelor,0,71663,74,0,84,Corporate Auto,Four-Door Car
XR97812,California,M,College,0,0,69,0,331,Personal Auto,Four-Door Car
BW88060,California,F,High School or Below,0,16994,112,0,806,Personal Auto,SUV
CP32818,Oregon,M,Bachelor,0,64270,117,0,46,Personal Auto,Sports Car
CM52565,Nevada,F,High School or Below,0,0,83,0,597,Corporate Auto,Four-Door Car
YP40334,Oregon,F,Doctor,0,0,145,0,358,Personal Auto,SUV
KD63998,California,M,College,0,56342,69,0,331,Personal Auto,Four-Door Car
VC77127,California,F,High School or Below,0,0,70,0,837,Personal Auto,Four-Door Car
AM30008,California,M,High School or Below,0,28327,185,0,888,Personal Auto,Luxury Car
PC83755,Oregon,M,High School or Below,0,95697,61,0,114,Personal Auto,Two-Door Car
XS22323,Arizona,M,High School or Below,0,26876,76,0,364,Personal Auto,Four-Door Car
ST27958,Washington,M,College,0,10621,67,0,321,Personal Auto,Four-Door Car
BH23017,Nevada,F,Bachelor,0,0,61,0,657,Personal Auto,Two-Door Car
OD18225,California,M,College,0,32918,84,0,403,Personal Auto,Four-Door Car
VE31507,Oregon,F,High School or Below,0,0,71,0,447,Personal Auto,Four-Door Car
NR18672,Nevada,M,High School or Below,0,63127,74,0,174,Personal Auto,Two-Door Car
DM76654,California,M,College,0,22022,136,0,979,Personal Auto,SUV
YY11432,Oregon,F,High School or Below,0,51725,138,0,159,Personal Auto,SUV
GK67747,Washington,M,College,0,10621,67,0,321,Special Auto,Four-Door Car
XA75063,Oregon,F,College,0,39719,131,0,628,Personal Auto,Sports Car
PQ13422,Nevada,M,College,0,58194,84,0,450,Personal Auto,Four-Door Car
NA89685,Oregon,M,College,0,61990,72,0,48,Personal Auto,Four-Door Car
AL35726,Oregon,F,College,0,41479,94,0,19,Personal Auto,Two-Door Car
WO70078,Oregon,F,Bachelor,0,97899,95,0,3,Personal Auto,Four-Door Car
CA56041,Nevada,F,College,0,63878,113,0,370,Personal Auto,SUV
HI41970,Oregon,F,High School or Below,0,68671,70,0,8,Special Auto,Two-Door Car
AU46443,Nevada,F,Bachelor,0,0,102,0,1178,Personal Auto,SUV
WC35554,Oregon,M,College,0,34640,117,0,466,Personal Auto,Sports Car
JR10216,California,F,Bachelor,0,21959,71,0,340,Corporate Auto,Four-Door Car
OH11674,Arizona,F,Bachelor,0,51584,69,0,368,Corporate Auto,Two-Door Car
US85318,Oregon,F,Bachelor,0,65744,62,0,166,Corporate Auto,Four-Door Car
FS19862,Arizona,F,Bachelor,0,25198,118,0,566,Personal Auto,SUV
ZP80713,Arizona,F,Master,0,79663,69,0,263,Personal Auto,Two-Door Car
OK50159,Arizona,F,Bachelor,0,31071,111,0,215,Personal Auto,Sports Car
TP54769,California,F,Bachelor,0,39452,131,0,398,Corporate Auto,SUV
FS49381,Oregon,F,Bachelor,0,25813,61,0,205,Personal Auto,Four-Door Car
DQ79499,Oregon,F,Doctor,0,59965,131,0,905,Personal Auto,SUV
VH31965,Washington,Male,Bachelor,0,40783,67,0,321,Personal Auto,Four-Door Car
VO25602,Nevada,F,College,0,98701,94,0,79,Personal Auto,Four-Door Car
EP93369,Arizona,F,College,0,0,121,0,871,Personal Auto,Sports Car
DQ45854,Oregon,F,College,0,64388,68,0,12,Personal Auto,Four-Door Car
QG15661,Oregon,M,College,0,66841,62,0,123,Personal Auto,Four-Door Car
YA80645,Oregon,F,High School or Below,0,33738,74,0,304,Corporate Auto,Four-Door Car
TW16499,California,M,Bachelor,0,43334,95,0,614,Corporate Auto,Two-Door Car
UP97629,California,F,College,0,0,91,0,245,Personal Auto,Four-Door Car
NU42684,Nevada,F,College,0,83431,84,0,403,Personal Auto,Four-Door Car
EM85557,Washington,F,College,0,54292,67,0,321,Personal Auto,Four-Door Car
BM69818,Oregon,M,Bachelor,0,0,79,0,379,Personal Auto,Four-Door Car
HK15299,California,M,High School or Below,0,38210,69,0,383,Personal Auto,Four-Door Car
NP88496,Nevada,F,High School or Below,0,0,67,0,482,Personal Auto,Four-Door Car
SB99002,Oregon,F,Bachelor,0,49734,69,0,154,Corporate Auto,Four-Door Car
ZH42145,Washington,F,High School or Below,0,50148,65,0,323,Corporate Auto,Four-Door Car
JG30837,Oregon,M,College,0,11689,117,0,561,Corporate Auto,SUV
AC22873,Arizona,F,High School or Below,0,17120,125,0,717,Special Auto,SUV
RO85831,Oregon,M,High School or Below,0,82157,188,0,1353,Corporate Auto,Luxury Car
NN65845,Washington,F,Bachelors,0,21603,68,0,326,Personal Auto,Four-Door Car
RZ27571,Washington,F,Bachelor,0,25544,68,0,326,Personal Auto,Four-Door Car
GH31557,California,M,High School or Below,0,98121,67,0,383,Personal Auto,Two-Door Car
MK73855,Washington,F,High School or Below,0,32314,68,0,326,Personal Auto,Four-Door Car
IO27771,Oregon,F,College,0,89382,112,0,573,Corporate Auto,Four-Door Car
HB99061,Arizona,F,High School or Below,0,97742,132,0,199,Corporate Auto,SUV
HQ82089,Arizona,F,High School or Below,0,0,114,0,820,Personal Auto,Four-Door Car
JN72184,Oregon,M,College,0,0,73,0,525,Corporate Auto,Four-Door Car
WQ46946,California,F,College,0,77153,99,0,355,Personal Auto,Four-Door Car
WJ44028,California,M,Master,0,94590,81,0,388,Personal Auto,Two-Door Car
WH77063,Arizona,F,High School or Below,0,74163,108,0,518,Personal Auto,Four-Door Car
FI13966,Oregon,F,High School or Below,0,40450,287,0,1377,Personal Auto,Luxury SUV
AQ46199,Oregon,M,High School or Below,0,0,71,0,511,Personal Auto,Two-Door Car
WV69362,Arizona,F,High School or Below,0,0,99,0,475,Corporate Auto,Two-Door Car
RJ90816,California,F,College,0,33243,85,0,24,Personal Auto,Four-Door Car
NH19236,Arizona,M,Master,0,0,64,0,199,Personal Auto,Four-Door Car
VW88911,Oregon,M,High School or Below,0,0,114,0,820,Corporate Auto,Four-Door Car
NV14535,Nevada,M,High School or Below,0,20228,101,0,523,Personal Auto,SUV
BM66931,Arizona,F,High School or Below,0,92801,100,0,407,Personal Auto,SUV
JW24035,Oregon,M,College,0,0,69,0,406,Personal Auto,Four-Door Car
PG82270,California,M,College,0,36845,74,0,355,Personal Auto,Four-Door Car
RW65101,California,F,College,0,0,63,0,503,Personal Auto,Four-Door Car
QO79771,California,F,Master,0,72330,81,0,126,Personal Auto,Four-Door Car
EC44438,Nevada,F,Bachelor,0,19352,65,0,724,Personal Auto,Four-Door Car
MW54213,Arizona,M,College,0,0,62,0,297,Personal Auto,Four-Door Car
ZN33412,Arizona,F,College,0,25073,79,0,379,Personal Auto,Four-Door Car
HZ56678,Oregon,F,High School or Below,0,20261,72,0,345,Personal Auto,Four-Door Car
AN36757,Oregon,M,Master,0,66851,92,0,408,Personal Auto,Four-Door Car
NB54665,Arizona,F,High School or Below,0,43860,65,0,156,Corporate Auto,Four-Door Car
MG99229,Oregon,M,College,0,0,180,0,1777,Corporate Auto,Luxury Car
MX76292,California,F,Doctor,0,48019,64,0,137,Corporate Auto,Four-Door Car
EJ90880,California,M,College,0,28786,71,0,345,Personal Auto,Four-Door Car
WO95180,California,F,High School or Below,0,22283,65,0,572,Corporate Auto,Four-Door Car
BU53191,Arizona,F,Bachelor,0,34133,111,0,226,Personal Auto,SUV
ZK54897,Arizona,M,Master,0,60880,119,0,109,Personal Auto,Two-Door Car
PP48389,California,F,Bachelor,0,0,196,0,940,Personal Auto,Sports Car
XD29421,Oregon,M,High School or Below,0,48115,192,0,1382,Personal Auto,Luxury Car
OP26403,California,F,College,0,32017,62,0,297,Personal Auto,Four-Door Car
XK15687,Oregon,F,High School or Below,0,58518,136,0,323,Personal Auto,SUV
ED29955,California,M,Bachelor,0,61542,67,0,321,Personal Auto,Four-Door Car
QT84720,Oregon,F,Bachelor,0,56761,73,0,85,Corporate Auto,Two-Door Car
ZH35315,California,M,College,0,22976,66,0,345,Personal Auto,Four-Door Car
EE76374,Nevada,F,High School or Below,0,0,72,0,709,Personal Auto,Four-Door Car
SH51981,Washington,M,College,0,70301,67,0,328,Personal Auto,Four-Door Car
BS13111,Arizona,M,Bachelor,0,0,66,0,315,Personal Auto,Four-Door Car
JP12645,Arizona,M,Bachelor,0,44428,104,0,499,Personal Auto,SUV
ZF28570,Nevada,M,Bachelor,0,52361,102,0,645,Personal Auto,Four-Door Car
UU93074,California,M,College,0,32435,297,0,1767,Personal Auto,Luxury Car
SZ60450,California,M,High School or Below,0,40272,86,0,23,Personal Auto,Two-Door Car
HL63895,Arizona,M,Master,0,30492,61,0,171,Personal Auto,Four-Door Car
UD27196,Arizona,M,High School or Below,0,51524,244,0,1171,Personal Auto,Luxury Car
OU53351,Arizona,M,College,0,36635,63,0,302,Corporate Auto,Four-Door Car
SX50964,Arizona,F,Bachelor,0,83389,65,0,209,Corporate Auto,Two-Door Car
RP30093,Oregon,F,Bachelor,0,63035,153,0,734,Personal Auto,SUV
BK73302,California,M,Bachelor,0,61638,82,0,544,Corporate Auto,Four-Door Car
CS93971,Arizona,F,College,0,21073,106,0,508,Personal Auto,SUV
RG13940,California,F,College,0,0,68,0,326,Personal Auto,Four-Door Car
ZG94155,Oregon,M,Bachelor,0,0,82,0,192,Personal Auto,Two-Door Car
QN15356,Arizona,M,College,0,0,74,0,532,Personal Auto,Four-Door Car
MZ16820,Nevada,M,High School or Below,0,86811,102,0,489,Corporate Auto,Four-Door Car
DO98345,Oregon,M,High School or Below,0,72517,82,0,371,Personal Auto,Two-Door Car
PA48777,Washington,F,High School or Below,0,25965,5353,0,329,Personal Auto,Four-Door Car
UK76814,Oregon,F,Doctor,0,84424,66,0,231,Personal Auto,Four-Door Car
SR30440,California,F,College,0,43383,109,0,757,Personal Auto,SUV
XE66367,Oregon,M,High School or Below,0,96306,95,0,185,Special Auto,Four-Door Car
SZ70655,California,F,College,0,0,61,0,292,Corporate Auto,Two-Door Car
UV54502,Washington,female,High School or Below,0,0,69,0,331,Personal Auto,Four-Door Car
DK98861,Arizona,F,College,0,94125,109,0,341,Personal Auto,SUV
JX14364,Oregon,M,College,0,39778,112,0,806,Personal Auto,SUV
LI85491,Oregon,F,High School or Below,0,0,101,0,727,Personal Auto,SUV
JY87538,Oregon,F,College,0,91871,102,0,346,Personal Auto,SUV
VE55982,Nevada,M,Bachelor,0,54000,66,0,373,Corporate Auto,Two-Door Car
WK99918,Oregon,M,Doctor,0,57709,125,0,600,Personal Auto,SUV
XP16538,Arizona,F,High School or Below,0,81132,107,0,419,Corporate Auto,SUV
HW42900,California,M,College,0,22926,93,0,479,Corporate Auto,Four-Door Car
JG84729,Arizona,F,College,0,0,72,0,345,Personal Auto,Four-Door Car
XH85336,Washington,M,Bachelor,0,67798,69,0,331,Personal Auto,Four-Door Car
ND29059,Oregon,M,Bachelor,0,78011,138,0,619,Personal Auto,SUV
HC76653,Oregon,M,College,0,32931,62,0,297,Personal Auto,Four-Door Car
SG73822,California,F,Bachelor,0,99517,109,0,239,Personal Auto,Four-Door Car
CB44654,Arizona,M,Bachelor,0,59665,62,0,167,Personal Auto,Two-Door Car
MP53505,Washington,F,High School or Below,0,86073,136,0,333,Corporate Auto,Sports Car
YJ43481,Arizona,F,High School or Below,0,91099,107,0,406,Corporate Auto,SUV
TP15362,Oregon,M,College,0,28013,91,0,655,Personal Auto,Four-Door Car
YX90754,Nevada,F,High School or Below,0,55478,71,0,339,Personal Auto,Two-Door Car
TQ32702,Nevada,F,College,0,22568,88,0,422,Corporate Auto,Four-Door Car
TS50305,California,F,High School or Below,0,0,112,0,806,Personal Auto,SUV
BY22068,Arizona,M,High School or Below,0,39335,201,0,964,Corporate Auto,Luxury SUV
TJ48439,Oregon,F,College,0,0,66,0,508,Personal Auto,Two-Door Car
TE61015,Oregon,M,College,0,0,72,0,345,Personal Auto,Four-Door Car
RD89159,Oregon,M,College,0,58842,110,0,528,Personal Auto,Four-Door Car
VW86720,Oregon,F,Bachelor,0,0,69,0,678,Personal Auto,Four-Door Car
UM76485,Oregon,M,College,0,0,102,0,489,Personal Auto,SUV
LS62045,Oregon,F,Bachelor,0,70037,70,0,409,Personal Auto,Four-Door Car
ZG84862,Nevada,M,High School or Below,0,0,62,0,446,Personal Auto,Two-Door Car
CD76093,Nevada,M,College,0,59847,192,0,921,Corporate Auto,Luxury Car
FO99259,California,M,Bachelor,0,26630,118,0,581,Personal Auto,Four-Door Car
KN87338,Oregon,F,High School or Below,0,48039,68,0,11,Personal Auto,Four-Door Car
LT89398,California,M,High School or Below,0,0,92,0,441,Personal Auto,Four-Door Car
NZ19529,Arizona,M,High School or Below,0,0,137,0,1227,Personal Auto,SUV
PR41853,Arizona,F,Bachelor,0,0,118,0,101,Corporate Auto,Sports Car
ZF40671,Washington,F,Master,0,15818,107,0,333,Personal Auto,Two-Door Car
XR84971,Oregon,F,Doctor,0,36537,85,0,165,Personal Auto,Four-Door Car
BP83941,Arizona,F,Master,0,0,115,0,552,Personal Auto,SUV
PY80449,Arizona,M,High School or Below,0,53603,132,0,697,Personal Auto,Sports Car
ET22260,Nevada,M,Doctor,0,0,80,0,6,Corporate Auto,Four-Door Car
OF47250,California,F,Doctor,0,92374,107,0,220,Personal Auto,SUV
WB58031,California,M,High School or Below,0,39658,66,0,316,Corporate Auto,Four-Door Car
UV80201,Oregon,F,Bachelor,0,0,116,0,556,Personal Auto,Sports Car
PY10605,Arizona,M,Bachelor,0,0,70,0,336,Personal Auto,Two-Door Car
JI82682,California,F,High School or Below,0,0,65,0,328,Personal Auto,Four-Door Car
BU14748,Arizona,M,High School or Below,0,50755,91,0,436,Personal Auto,Two-Door Car
QK18099,Washington,F,College,0,69050,67,0,334,Personal Auto,Four-Door Car
LD26428,Oregon,M,Bachelor,0,0,73,0,680,Corporate Auto,Four-Door Car
MY43761,California,M,High School or Below,0,50607,137,0,657,Personal Auto,SUV
WQ89892,Washington,F,College,0,0,70,0,336,Special Auto,Two-Door Car
GY55415,Nevada,F,Bachelor,0,0,149,0,1072,Corporate Auto,SUV
IB42395,Nevada,M,College,0,0,146,0,1051,Corporate Auto,SUV
ZU74482,Oregon,M,College,0,60920,64,0,231,Personal Auto,Two-Door Car
NL74789,California,F,Bachelor,0,0,105,0,504,Special Auto,Two-Door Car
YU86594,Oregon,M,High School or Below,0,55674,66,0,81,Personal Auto,Four-Door Car
QN37451,California,M,College,0,0,189,0,2201,Corporate Auto,Luxury Car
GD83998,Washington,M,Bachelor,0,24495,70,0,336,Personal Auto,Four-Door Car
IL83479,Oregon,F,College,0,42983,86,0,412,Personal Auto,Four-Door Car
EF87528,Arizona,M,College,0,26802,66,0,316,Special Auto,Two-Door Car
IV74747,California,M,Doctor,0,0,97,0,469,Corporate Auto,Four-Door Car
JZ81608,Oregon,M,High School or Below,0,53808,88,0,189,Personal Auto,Four-Door Car
EO40136,Arizona,F,College,0,93403,73,0,295,Personal Auto,Four-Door Car
ZR40902,Oregon,F,Bachelor,0,26435,111,0,1012,Corporate Auto,Four-Door Car
PO89542,Oregon,F,Bachelor,0,0,68,0,326,Personal Auto,Four-Door Car
FX57380,California,F,Bachelor,0,39854,66,0,261,Personal Auto,Two-Door Car
NM22175,Oregon,M,College,0,0,161,0,1052,Personal Auto,SUV
BC97773,Nevada,F,Master,0,91368,71,0,395,Personal Auto,Four-Door Car
MN34012,Arizona,M,Bachelor,0,0,115,0,552,Personal Auto,SUV
KY29506,California,F,College,0,92850,104,0,499,Personal Auto,Four-Door Car
VU84949,Washington,F,Bachelors,0,0,70,0,336,Personal Auto,Two-Door Car
HC20975,Arizona,M,Bachelor,0,30915,72,0,345,Personal Auto,Four-Door Car
IF87079,Arizona,F,Master,0,48927,72,0,139,Personal Auto,Four-Door Car
EP18940,Oregon,F,Bachelor,0,0,86,0,412,Personal Auto,Four-Door Car
SB44003,Arizona,F,College,0,61108,89,0,49,Personal Auto,Four-Door Car
MK15785,Nevada,M,Master,0,48015,110,0,528,Corporate Auto,Sports Car
VP89545,Arizona,M,College,0,0,61,0,292,Personal Auto,Four-Door Car
HJ58678,Nevada,F,College,0,57587,68,0,257,Personal Auto,Four-Door Car
MW80236,Washington,M,Master,0,0,70,0,336,Personal Auto,Four-Door Car
IA52178,Arizona,F,College,0,81119,196,0,940,Corporate Auto,SUV
WC42895,California,F,Bachelor,0,65724,70,0,14,Personal Auto,Four-Door Car
JP41935,Washington,M,High School or Below,0,20128,70,0,336,Personal Auto,Four-Door Car
YM77369,Oregon,M,High School or Below,0,56146,119,0,401,Corporate Auto,Four-Door Car
WV15213,California,M,Bachelor,0,84658,62,0,44,Personal Auto,Four-Door Car
GX37592,Nevada,F,College,0,33257,72,0,345,Personal Auto,Four-Door Car
VM34210,Washington,F,College,0,0,101,0,337,Personal Auto,SUV
YJ59924,Oregon,M,College,0,31115,92,0,441,Personal Auto,Four-Door Car
OO35641,Oregon,F,College,0,78487,117,0,448,Personal Auto,SUV
EU54076,Oregon,M,Bachelor,0,92472,65,0,240,Corporate Auto,Four-Door Car
QH56750,Arizona,M,High School or Below,0,0,64,0,460,Personal Auto,Four-Door Car
PQ27923,Washington,M,Master,0,71737,79,0,338,Personal Auto,Two-Door Car
ES16126,California,M,College,0,60475,107,0,513,Personal Auto,Four-Door Car
PG42834,Arizona,F,Bachelor,0,26577,79,0,73,Personal Auto,Four-Door Car
OY44814,Arizona,M,High School or Below,0,0,71,0,511,Personal Auto,Two-Door Car
JI97190,California,M,High School or Below,0,43461,64,0,307,Personal Auto,Two-Door Car
ZK61113,Oregon,M,High School or Below,0,0,94,0,676,Personal Auto,Two-Door Car
MU88116,Oregon,F,Master,0,69085,113,0,472,Corporate Auto,Sports Car
TP61305,California,M,High School or Below,0,0,84,0,604,Personal Auto,Four-Door Car
ZY20779,Washington,M,High School or Below,0,0,71,0,340,Personal Auto,Two-Door Car
KP65334,California,F,College,0,0,77,0,783,Corporate Auto,Four-Door Car
OH15677,California,M,High School or Below,0,0,110,0,1272,Personal Auto,Sports Car
HB53755,Oregon,F,High School or Below,0,0,106,0,763,Personal Auto,Sports Car
UF77079,Arizona,F,High School or Below,0,58361,95,0,43,Personal Auto,Four-Door Car
TD20252,Arizona,M,College,0,74092,67,0,321,Personal Auto,Four-Door Car
TH68362,California,F,College,0,0,64,0,380,Corporate Auto,Four-Door Car
TO34442,Washington,M,College,0,59768,71,0,340,Personal Auto,Four-Door Car
MP96373,Washington,M,Master,0,54585,7575,0,340,Personal Auto,Two-Door Car
CV72453,Oregon,F,High School or Below,0,0,125,0,900,Corporate Auto,SUV
OY92520,California,F,Bachelor,0,12075,94,0,451,Personal Auto,Four-Door Car
UY95530,California,M,College,0,62464,109,0,400,Personal Auto,Sports Car
FB84235,Oregon,M,College,0,22520,73,0,350,Personal Auto,Four-Door Car
MJ14480,Arizona,F,High School or Below,0,35012,72,0,345,Personal Auto,Four-Door Car
KW81128,Arizona,F,College,0,95140,126,0,45,Personal Auto,Sports Car
DQ98402,Nevada,F,High School or Below,0,82477,90,0,432,Corporate Auto,Two-Door Car
WN53966,California,M,Master,0,85871,92,0,112,Personal Auto,Four-Door Car
QK69627,Washington,F,High School or Below,0,75264,78,0,343,Personal Auto,Four-Door Car
QC55306,Washington,M,High School or Below,0,83170,97,0,344,Personal Auto,Four-Door Car
WV79842,California,M,High School or Below,0,24314,235,0,1128,Personal Auto,Luxury SUV
DF40318,Oregon,M,Master,0,79751,63,0,392,Corporate Auto,Two-Door Car
TN90661,Nevada,M,High School or Below,0,83318,72,0,345,Corporate Auto,Four-Door Car
ZU88029,Oregon,F,Master,0,26161,109,0,594,Personal Auto,Sports Car
TQ88221,California,F,Bachelor,0,30473,72,0,450,Corporate Auto,Four-Door Car
KH34667,Nevada,M,College,0,50472,87,0,281,Corporate Auto,Four-Door Car
HW54198,Nevada,M,Master,0,94186,64,0,135,Personal Auto,Four-Door Car
GZ79662,Arizona,M,High School or Below,0,47611,69,0,593,Corporate Auto,Four-Door Car
YA11342,California,M,High School or Below,0,0,103,0,518,Personal Auto,Four-Door Car
ZW18871,Oregon,M,High School or Below,0,91245,69,0,19,Corporate Auto,Four-Door Car
QZ17137,Arizona,F,High School or Below,0,45944,83,0,182,Personal Auto,Two-Door Car
UV53712,California,F,College,0,59649,69,0,167,Personal Auto,Four-Door Car
SJ43436,Oregon,F,Bachelor,0,52785,61,0,45,Corporate Auto,Two-Door Car
VW46878,Oregon,F,High School or Below,0,59648,66,0,316,Personal Auto,Four-Door Car
TW91179,Oregon,F,College,0,93272,95,0,281,Corporate Auto,Four-Door Car
LG19551,Arizona,M,Bachelor,0,22134,72,0,445,Corporate Auto,Four-Door Car
AI49712,Washington,F,High School or Below,0,0,72,0,345,Personal Auto,Four-Door Car
WN14473,Arizona,M,Master,0,87798,71,0,204,Personal Auto,Two-Door Car
WH62198,California,M,Bachelor,0,0,63,0,305,Personal Auto,Four-Door Car
SP85148,California,F,Master,0,43811,117,0,571,Personal Auto,Sports Car
FB49203,California,F,College,0,0,91,0,655,Corporate Auto,Two-Door Car
FF94341,Nevada,F,Bachelor,0,92456,95,0,456,Special Auto,Four-Door Car
TS42594,California,F,High School or Below,0,59207,116,0,556,Personal Auto,Four-Door Car
IL43607,California,F,High School or Below,0,64519,69,0,331,Corporate Auto,Four-Door Car
FL85008,Oregon,F,High School or Below,0,11432,119,0,571,Personal Auto,SUV
AN47199,Nevada,F,College,0,0,80,0,81,Personal Auto,Two-Door Car
SV28347,California,M,High School or Below,0,32607,111,0,532,Corporate Auto,SUV
IC78105,Arizona,F,High School or Below,0,26444,196,0,940,Personal Auto,Luxury Car
RB28630,Oregon,F,High School or Below,0,39381,74,0,355,Personal Auto,Four-Door Car
KA32645,Nevada,M,College,0,0,83,0,946,Personal Auto,Four-Door Car
QD73891,Oregon,M,High School or Below,0,90217,66,0,316,Personal Auto,Four-Door Car
LM58949,Oregon,M,High School or Below,0,24248,70,0,336,Personal Auto,Four-Door Car
YG40323,Arizona,M,Bachelor,0,99368,113,0,82,Personal Auto,Four-Door Car
EP82214,Arizona,F,High School or Below,0,68189,82,0,343,Special Auto,Four-Door Car
EO91797,Nevada,F,Master,0,32370,130,0,487,Corporate Auto,SUV
RU50098,Arizona,F,Master,0,34990,65,0,42,Personal Auto,Four-Door Car
QW10541,California,F,High School or Below,0,25714,67,0,321,Personal Auto,Two-Door Car
SB50826,Oregon,M,College,0,61091,95,0,409,Personal Auto,Two-Door Car
XX29952,Arizona,M,College,0,88184,104,0,240,Personal Auto,Four-Door Car
AT93647,California,F,College,0,60252,65,0,182,Personal Auto,Four-Door Car
QP56563,Oregon,M,College,0,80985,67,0,124,Personal Auto,Four-Door Car
UF88986,Washington,F,College,0,39783,72,0,345,Personal Auto,Two-Door Car
TY43440,California,M,High School or Below,0,99845,110,0,528,Personal Auto,SUV
NJ15094,Washington,F,Bachelors,0,0,72,0,345,Personal Auto,Four-Door Car
MM45334,Oregon,F,College,0,40803,71,0,122,Personal Auto,Four-Door Car
KH93988,Oregon,F,College,0,71134,98,0,196,Personal Auto,Two-Door Car
RY38931,Arizona,M,Bachelor,0,36088,72,0,345,Personal Auto,Four-Door Car
CV48634,Nevada,M,College,0,29431,103,0,237,Personal Auto,SUV
TN76120,Washington,M,Bachelors,0,36088,72,0,345,Personal Auto,Four-Door Car
ZS96174,Oregon,M,College,0,17937,65,0,312,Personal Auto,Two-Door Car
MI62456,Arizona,F,Bachelor,0,23376,78,0,374,Personal Auto,Four-Door Car
DD44177,California,F,Doctor,0,21986,63,0,333,Personal Auto,Two-Door Car
NX31380,Arizona,F,Bachelor,0,23032,89,0,427,Corporate Auto,Four-Door Car
KQ43374,Oregon,F,College,0,32114,104,0,445,Corporate Auto,SUV
XA54112,California,M,Bachelor,0,13330,117,0,561,Corporate Auto,SUV
QB14087,California,F,College,0,44934,61,0,357,Personal Auto,Four-Door Car
FV42881,Oregon,F,College,0,96137,73,0,67,Corporate Auto,Two-Door Car
AV76907,Oregon,F,College,0,40864,109,0,166,Personal Auto,SUV
VM85555,California,F,College,0,22668,67,0,33,Personal Auto,Four-Door Car
ZU88113,Oregon,M,College,0,90751,82,0,315,Personal Auto,Two-Door Car
SZ75668,Oregon,M,College,0,44186,64,0,295,Personal Auto,Four-Door Car
MZ65087,Oregon,M,College,0,92678,70,0,34,Personal Auto,Four-Door Car
EL61402,Arizona,F,Bachelor,0,74257,76,0,214,Personal Auto,Four-Door Car
CJ31839,California,M,Bachelor,0,99981,71,0,204,Special Auto,Four-Door Car
XM11175,Arizona,M,College,0,0,91,0,655,Personal Auto,Four-Door Car
LF41085,Arizona,F,College,0,19591,74,0,95,Personal Auto,Two-Door Car
MB19556,California,F,College,0,29095,127,0,664,Personal Auto,SUV
HC74532,Oregon,F,Bachelor,0,0,62,0,389,Corporate Auto,Four-Door Car
SB66770,Arizona,M,Master,0,60880,119,0,109,Corporate Auto,Two-Door Car
JI25066,AZ,F,Bachelor,0,61785,61,0,271,Personal Auto,Two-Door Car
PY98958,Oregon,M,Bachelor,0,44428,104,0,499,Special Auto,SUV
RA65645,California,M,High School or Below,0,95697,107,0,178,Personal Auto,Sports Car
FQ79356,California,F,Bachelor,0,18064,63,0,182,Personal Auto,Four-Door Car
TM25808,California,M,High School or Below,0,74720,70,0,200,Personal Auto,Two-Door Car
XO46388,California,F,Bachelor,0,22594,67,0,321,Personal Auto,Four-Door Car
LB81265,AZ,F,Bachelor,0,40987,73,0,329,Personal Auto,Four-Door Car
JR38787,Nevada,M,High School or Below,0,24561,126,0,853,Personal Auto,SUV
KZ22690,California,F,College,0,76456,83,0,42,Personal Auto,Four-Door Car
NY49598,California,M,College,0,65828,62,0,297,Personal Auto,Four-Door Car
KY39767,Oregon,F,College,0,0,68,0,489,Personal Auto,Four-Door Car
YU35386,AZ,F,Bachelor,0,63621,70,0,444,Personal Auto,Four-Door Car
TF82172,AZ,M,College,0,10074,107,0,108,Corporate Auto,SUV
ER40041,Oregon,F,College,0,78965,183,0,145,Personal Auto,Luxury Car
MS39869,Nevada,F,College,0,0,68,0,479,Personal Auto,Four-Door Car
PV77906,AZ,M,Bachelor,0,23604,64,0,460,Corporate Auto,Two-Door Car
QF21045,Oregon,F,College,0,99205,68,0,323,Personal Auto,Two-Door Car
HF65914,AZ,M,College,0,0,92,0,441,Personal Auto,Two-Door Car
AJ58038,California,F,Bachelor,0,0,66,0,433,Corporate Auto,Four-Door Car
ZR88383,Nevada,F,College,0,55350,67,0,321,Personal Auto,Four-Door Car
OT49339,Oregon,M,College,0,21052,111,0,453,Corporate Auto,SUV
FI74985,Oregon,F,High School or Below,0,0,69,0,496,Personal Auto,Four-Door Car
JW15301,AZ,M,High School or Below,0,24664,69,0,496,Corporate Auto,Four-Door Car
PY20159,Nevada,M,College,0,45225,124,0,209,Corporate Auto,Sports Car
NC42524,California,M,College,0,30430,86,0,425,Special Auto,Four-Door Car
ZG19911,California,F,Bachelor,0,35149,64,0,120,Personal Auto,Two-Door Car
DI89983,California,M,Bachelor,0,16513,71,0,340,Personal Auto,Four-Door Car
IG56214,Nevada,M,High School or Below,0,10892,66,0,316,Personal Auto,Four-Door Car
CA86085,Washington,M,High School or Below,0,67176,72,0,345,Personal Auto,Four-Door Car
UO95739,Oregon,M,College,0,54704,113,0,468,Personal Auto,SUV
SB64873,Oregon,M,Doctor,0,25381,71,0,340,Personal Auto,Four-Door Car
TE82896,Oregon,F,High School or Below,0,0,74,0,355,Personal Auto,Four-Door Car
VY64199,Oregon,F,Bachelor,0,18150,67,0,220,Corporate Auto,Four-Door Car
IE82679,California,M,Bachelor,0,29735,69,0,331,Personal Auto,Four-Door Car
SL70257,Nevada,F,College,0,77156,73,0,445,Personal Auto,Four-Door Car
XJ85947,Oregon,F,College,0,88782,78,0,357,Personal Auto,Four-Door Car
EF84269,California,F,College,0,51489,139,0,236,Personal Auto,SUV
NY91328,California,F,Bachelor,0,16972,125,0,600,Personal Auto,SUV
AT49447,California,M,Bachelor,0,99359,95,0,233,Personal Auto,Two-Door Car
BM70908,AZ,M,College,0,58289,62,0,297,Personal Auto,Two-Door Car
GM63998,Oregon,F,Doctor,0,45173,268,0,1286,Personal Auto,Luxury Car
AR61426,California,F,Bachelor,0,93246,78,0,41,Personal Auto,Two-Door Car
CB62406,AZ,M,High School or Below,0,43758,171,0,1129,Corporate Auto,SUV
WH82416,Oregon,M,Bachelor,0,75651,81,0,375,Personal Auto,Four-Door Car
UI53874,AZ,F,Doctor,0,0,67,0,321,Personal Auto,Four-Door Car
LM44949,Oregon,F,Doctor,0,36938,70,0,244,Special Auto,Four-Door Car
JR59597,California,M,Bachelor,0,50843,82,0,393,Personal Auto,Two-Door Car
ZS22428,California,F,Bachelor,0,21907,62,0,2,Personal Auto,Four-Door Car
AZ34845,California,F,Bachelor,0,77846,119,0,342,Personal Auto,Sports Car
XZ34917,Washington,M,Bachelor,0,41043,72,0,345,Personal Auto,Four-Door Car
QU20310,AZ,F,High School or Below,0,97030,76,0,416,Corporate Auto,Four-Door Car
NQ42020,Oregon,M,High School or Below,0,80864,182,0,618,Personal Auto,Luxury SUV
ZF40143,Nevada,F,College,0,48197,106,0,508,Personal Auto,Four-Door Car
GU65780,California,M,Doctor,0,70837,73,0,362,Personal Auto,Four-Door Car
KY32675,AZ,M,High School or Below,0,85297,93,0,620,Special Auto,Two-Door Car
ZX35838,Oregon,F,Master,0,70177,115,0,225,Personal Auto,Four-Door Car
LU42720,Nevada,M,College,0,52499,138,0,1171,Personal Auto,SUV
FB25242,Oregon,M,College,0,63143,71,0,340,Corporate Auto,Four-Door Car
RW51650,Oregon,M,Bachelor,0,97361,73,0,350,Personal Auto,Four-Door Car
XX94684,Nevada,M,High School or Below,0,50052,130,0,624,Personal Auto,Sports Car
AH99727,AZ,F,Bachelor,0,11612,71,0,340,Personal Auto,Four-Door Car
NZ85858,AZ,F,High School or Below,0,78115,65,0,255,Personal Auto,Four-Door Car
JU19953,California,F,Master,0,81947,71,0,203,Personal Auto,Two-Door Car
LC33025,Oregon,M,College,0,44698,211,0,1012,Personal Auto,Luxury Car
BV86143,California,F,High School or Below,0,26876,66,0,219,Personal Auto,Four-Door Car
AY88788,Oregon,F,College,0,69841,192,0,878,Personal Auto,Luxury SUV
OJ33945,Oregon,F,High School or Below,0,97768,72,0,151,Personal Auto,Two-Door Car
LO84523,Oregon,M,High School or Below,0,0,187,0,1588,Personal Auto,Luxury Car
HZ25580,Washington,F,High School or Below,0,39062,61,0,346,Corporate Auto,Two-Door Car
AR96516,Oregon,F,Bachelor,0,50217,74,0,355,Personal Auto,Two-Door Car
JP69864,Washington,F,Bachelors,0,24910,63,0,347,Personal Auto,Four-Door Car
DL26809,Nevada,M,College,0,0,68,0,489,Personal Auto,Two-Door Car
MV69686,Oregon,F,Doctor,0,38500,99,0,423,Corporate Auto,Four-Door Car
SC95565,Nevada,F,High School or Below,0,62018,71,0,293,Personal Auto,Two-Door Car
RL31641,Oregon,F,College,0,0,65,0,468,Personal Auto,Two-Door Car
OH83248,California,M,Master,0,57394,106,0,316,Personal Auto,Four-Door Car
DB28979,California,M,Bachelor,0,23530,65,0,312,Corporate Auto,Two-Door Car
ZS32263,California,F,High School or Below,0,48887,95,0,456,Personal Auto,Four-Door Car
IY59173,Oregon,F,Master,0,68867,129,0,619,Personal Auto,SUV
KL17620,California,F,College,0,12062,63,0,302,Corporate Auto,Four-Door Car
CP28581,AZ,M,College,0,59230,107,0,245,Personal Auto,SUV
QR15592,AZ,F,Bachelor,0,59586,72,0,91,Personal Auto,Four-Door Car
RI85578,Washington,F,Bachelors,0,79699,65,0,348,Personal Auto,Two-Door Car
TG68823,AZ,F,Bachelor,0,25134,67,0,321,Personal Auto,Four-Door Car
WO78310,Oregon,F,College,0,0,61,0,292,Personal Auto,Four-Door Car
SC78905,Oregon,F,College,0,0,61,0,292,Personal Auto,Four-Door Car
EL88957,California,M,College,0,0,100,0,720,Personal Auto,SUV
SS54050,California,M,Bachelor,0,44901,70,0,460,Personal Auto,Four-Door Car
ZV99487,AZ,F,Bachelor,0,0,93,0,149,Personal Auto,Four-Door Car
XI51746,Oregon,F,Bachelor,0,28463,113,0,324,Personal Auto,SUV
KG85675,Nevada,F,Bachelor,0,13037,124,0,839,Personal Auto,SUV
KK64803,California,M,High School or Below,0,82320,99,0,475,Personal Auto,Four-Door Car
OM80593,California,F,Bachelor,0,0,104,0,499,Personal Auto,SUV
RL59810,Oregon,F,College,0,78460,64,0,203,Personal Auto,Four-Door Car
QQ53360,Nevada,M,College,0,0,92,0,657,Personal Auto,Two-Door Car
WR76339,California,M,College,0,46922,64,0,403,Corporate Auto,Two-Door Car
BA40043,California,M,College,0,60689,74,0,5,Corporate Auto,Four-Door Car
MK52197,Nevada,F,Master,0,0,71,0,340,Personal Auto,Four-Door Car
SV48204,Oregon,F,College,0,61108,89,0,49,Personal Auto,Four-Door Car
RJ79502,AZ,M,Bachelor,0,98003,107,0,449,Personal Auto,SUV
LY14355,Washington,F,High School or Below,0,73847,73,0,350,Personal Auto,Two-Door Car
NL32558,AZ,F,High School or Below,0,22081,84,0,451,Personal Auto,Two-Door Car
CP92616,Nevada,M,High School or Below,0,83006,235,0,1065,Personal Auto,Luxury SUV
BP28492,AZ,F,College,0,38713,66,0,316,Corporate Auto,Four-Door Car
MX28412,Oregon,F,College,0,28700,68,0,326,Personal Auto,Four-Door Car
DT99586,California,F,Master,0,61552,115,0,12,Personal Auto,SUV
IC41932,Nevada,M,College,0,56718,113,0,542,Personal Auto,SUV
DA35744,Oregon,M,Doctor,0,66776,71,0,131,Corporate Auto,Four-Door Car
GU96042,California,M,High School or Below,0,58268,67,0,228,Corporate Auto,Two-Door Car
UW98698,California,M,College,0,0,68,0,542,Personal Auto,Four-Door Car
SF32458,California,M,Doctor,0,12608,66,0,214,Personal Auto,Four-Door Car
OM85313,California,M,Master,0,63499,73,0,278,Personal Auto,Four-Door Car
MH81246,Oregon,M,High School or Below,0,36247,96,0,329,Corporate Auto,Four-Door Car
OH99089,California,F,Master,0,30228,73,0,163,Personal Auto,Four-Door Car
TG57800,Oregon,F,College,0,0,74,0,501,Personal Auto,Two-Door Car
GX19342,California,F,High School or Below,0,0,116,0,1193,Personal Auto,Four-Door Car
XE39286,AZ,F,Bachelor,0,99364,121,0,580,Personal Auto,Sports Car
JA93297,California,M,Bachelor,0,23665,67,0,404,Personal Auto,Four-Door Car
II37789,AZ,F,College,0,0,94,0,807,Corporate Auto,Four-Door Car
IC32996,Oregon,M,High School or Below,0,69247,61,0,226,Corporate Auto,Two-Door Car
LO67195,AZ,F,College,0,56047,92,0,82,Corporate Auto,Four-Door Car
PG93638,Oregon,M,College,0,28919,73,0,207,Personal Auto,Two-Door Car
OZ41737,Oregon,F,Doctor,0,0,70,0,223,Personal Auto,Four-Door Car
OY66019,Oregon,F,College,0,0,83,0,254,Personal Auto,Four-Door Car
CH73843,AZ,M,High School or Below,0,69900,64,0,33,Personal Auto,Two-Door Car
XT93203,California,M,High School or Below,0,55687,276,0,1324,Personal Auto,Luxury SUV
OR85652,Oregon,F,Bachelor,0,78294,92,0,181,Personal Auto,Four-Door Car
LR10110,Washington,F,Bachelors,0,0,73,0,350,Corporate Auto,Four-Door Car
XK11432,AZ,M,Bachelor,0,0,62,0,297,Personal Auto,Two-Door Car
OX24868,California,F,High School or Below,0,0,168,0,1476,Personal Auto,SUV
EZ74530,Nevada,M,High School or Below,0,0,104,0,748,Personal Auto,Sports Car
HP46467,Oregon,F,College,0,21385,127,0,609,Corporate Auto,SUV
KP54476,California,M,Master,0,87128,97,0,495,Personal Auto,Two-Door Car
AI47152,Nevada,F,College,0,35434,66,0,297,Personal Auto,Four-Door Car
BU15334,California,F,Master,0,29462,107,0,513,Corporate Auto,SUV
GD59796,Nevada,F,College,0,53243,102,0,489,Personal Auto,Four-Door Car
OX59701,California,M,High School or Below,0,21006,139,0,667,Personal Auto,SUV
OD63728,California,F,College,0,0,65,0,312,Personal Auto,Two-Door Car
JC38573,Oregon,M,Bachelor,0,36088,72,0,345,Corporate Auto,Four-Door Car
RC11491,Oregon,F,College,0,28948,131,0,295,Corporate Auto,SUV
RZ24101,Nevada,F,College,0,24417,185,0,888,Personal Auto,SUV
OB88698,Oregon,M,High School or Below,0,67099,69,0,22,Personal Auto,Two-Door Car
IK92617,Oregon,F,Bachelor,0,97830,96,0,298,Personal Auto,Four-Door Car
YH43996,AZ,M,College,0,0,101,0,727,Personal Auto,Four-Door Car
BJ65040,AZ,F,High School or Below,0,93558,67,0,478,Personal Auto,Four-Door Car
WY57101,AZ,F,Doctor,0,37384,99,0,475,Personal Auto,Four-Door Car
OG77759,AZ,M,Bachelor,0,28227,62,0,551,Personal Auto,Four-Door Car
HN38084,Nevada,M,High School or Below,0,51008,74,0,355,Corporate Auto,Two-Door Car
GD11927,California,M,High School or Below,0,78185,61,0,292,Personal Auto,Four-Door Car
MC20349,California,F,Bachelor,0,0,74,0,532,Personal Auto,Four-Door Car
HM22034,Nevada,M,College,0,0,68,0,670,Personal Auto,Four-Door Car
KH48996,AZ,F,Bachelor,0,97205,100,0,5,Personal Auto,Sports Car
VF32979,Washington,F,Bachelors,0,25472,73,0,350,Corporate Auto,Four-Door Car
LS90887,California,F,Bachelor,0,26225,72,0,320,Special Auto,Four-Door Car
EN72010,Oregon,M,College,0,20545,70,0,336,Personal Auto,Two-Door Car
KH44031,Oregon,F,Master,0,0,83,0,398,Personal Auto,Four-Door Car
GJ47896,AZ,F,College,0,35503,67,0,216,Personal Auto,Two-Door Car
GD87742,Oregon,F,College,0,58988,118,0,566,Personal Auto,Sports Car
MD14027,Nevada,F,Bachelor,0,0,74,0,355,Personal Auto,Two-Door Car
XA32915,Nevada,M,High School or Below,0,0,64,0,685,Personal Auto,Two-Door Car
XR52852,Oregon,F,College,0,0,66,0,316,Special Auto,Four-Door Car
EZ48947,Nevada,M,College,0,67197,111,0,147,Special Auto,SUV
OJ50322,Nevada,M,High School or Below,0,39032,198,0,950,Personal Auto,SUV
XB77333,Oregon,F,College,0,0,68,0,326,Personal Auto,Four-Door Car
QB58745,California,M,High School or Below,0,34927,70,0,242,Personal Auto,Two-Door Car
IG62421,Nevada,M,Doctor,0,30817,88,0,91,Personal Auto,Four-Door Car
SF29724,California,F,Bachelor,0,31535,70,0,90,Personal Auto,Four-Door Car
WM95454,California,F,Bachelor,0,23376,78,0,374,Personal Auto,Four-Door Car
CB96381,California,F,College,0,46244,62,0,255,Corporate Auto,Four-Door Car
MJ60422,AZ,M,Bachelor,0,34886,84,0,403,Personal Auto,Two-Door Car
NC63295,AZ,M,High School or Below,0,0,66,0,316,Corporate Auto,Four-Door Car
CM55703,Washington,F,College,0,33746,74,0,355,Personal Auto,Two-Door Car
ZE76673,Oregon,M,Doctor,0,24164,137,0,657,Personal Auto,Sports Car
TO60700,Washington,F,Bachelors,0,25859,74,0,355,Special Auto,Four-Door Car
WF34690,Oregon,F,Bachelor,0,0,68,0,326,Personal Auto,Four-Door Car
ZM28138,AZ,F,Bachelor,0,40153,61,0,340,Personal Auto,Four-Door Car
FI14842,Nevada,F,College,0,0,104,0,499,Personal Auto,SUV
KC32511,Oregon,F,Master,0,97131,64,0,307,Personal Auto,Four-Door Car
NE10467,AZ,F,High School or Below,0,23712,106,0,508,Corporate Auto,SUV
PT93474,Oregon,F,Bachelor,0,0,64,0,307,Personal Auto,Four-Door Car
RL74454,Nevada,F,Bachelor,0,33171,65,0,236,Personal Auto,Four-Door Car
DQ31994,Nevada,F,College,0,0,83,0,398,Corporate Auto,Four-Door Car
DN98431,Oregon,F,High School or Below,0,0,68,0,326,Corporate Auto,Four-Door Car
EV53200,Nevada,M,College,0,60228,112,0,286,Personal Auto,SUV
AJ89107,AZ,M,High School or Below,0,27072,93,0,565,Personal Auto,Four-Door Car
WS25565,California,M,Master,0,26057,74,0,523,Personal Auto,Four-Door Car
ZY33234,Nevada,F,High School or Below,0,66331,107,0,513,Personal Auto,Two-Door Car
PS69748,Washington,M,College,0,83846,74,0,355,Personal Auto,Four-Door Car
HL33607,Washington,M,College,0,83846,74,0,355,Personal Auto,Four-Door Car
DG90902,California,F,College,0,45106,73,0,350,Personal Auto,Four-Door Car
SW96063,AZ,F,Bachelor,0,78435,130,0,553,Personal Auto,SUV
CP19929,California,F,Bachelor,0,0,63,0,453,Corporate Auto,Two-Door Car
KR50062,Oregon,M,College,0,79507,70,0,442,Personal Auto,Two-Door Car
CU19735,Arizona,M,High School or Below,0,44986,101,0,624,Corporate Auto,SUV
ST52914,Arizona,M,College,0,25899,79,0,568,Personal Auto,Two-Door Car
WQ68301,Oregon,M,Bachelor,0,13610,74,0,355,Personal Auto,Four-Door Car
LR33381,Nevada,M,Doctor,0,0,65,0,312,Personal Auto,Four-Door Car
UR36912,California,M,Bachelor,0,77362,70,0,386,Personal Auto,Two-Door Car
SK46419,California,M,High School or Below,0,96443,102,0,489,Personal Auto,SUV
BY88757,California,M,Master,0,0,135,0,939,Personal Auto,SUV
ER65086,Nevada,M,Doctor,0,90778,76,0,62,Personal Auto,Four-Door Car
TP87527,California,F,High School or Below,0,0,65,0,361,Corporate Auto,Four-Door Car
VL80291,Nevada,F,Master,0,78494,79,0,122,Personal Auto,Two-Door Car
WL45773,California,F,Doctor,0,83497,69,0,196,Special Auto,Four-Door Car
TT36693,Nevada,M,College,0,58842,110,0,528,Personal Auto,Four-Door Car
PT12544,Arizona,M,College,0,63935,87,0,221,Personal Auto,Four-Door Car
CI24326,Oregon,M,Bachelor,0,0,96,0,460,Personal Auto,Four-Door Car
YQ73717,California,M,High School or Below,0,0,69,0,331,Personal Auto,Four-Door Car
FG99706,Oregon,F,College,0,0,77,0,369,Personal Auto,Four-Door Car
OM63414,Arizona,F,Bachelor,0,62258,65,0,117,Personal Auto,Two-Door Car
JQ74890,Nevada,M,Bachelor,0,0,80,0,739,Corporate Auto,Four-Door Car
FP93662,California,F,Master,0,58516,98,0,470,Corporate Auto,Two-Door Car
SA40041,Washington,F,Bachelor,0,22814,73,0,360,Personal Auto,Four-Door Car
EW82164,California,F,Bachelor,0,56901,104,0,499,Personal Auto,SUV
KV99550,California,M,High School or Below,0,0,61,0,292,Personal Auto,Four-Door Car
CA96230,California,M,Doctor,0,99443,117,0,228,Personal Auto,SUV
QN17712,Oregon,F,College,0,0,113,0,373,Personal Auto,SUV
KM79894,Arizona,M,Master,0,88246,77,0,428,Corporate Auto,Four-Door Car
KR25511,Washington,M,High School or Below,0,26876,76,0,364,Corporate Auto,Four-Door Car
DZ45471,Nevada,M,College,0,64801,64,0,268,Personal Auto,Four-Door Car
DE18949,Oregon,F,College,0,57029,68,0,135,Corporate Auto,Two-Door Car
BN74268,Arizona,F,College,0,28045,99,0,475,Personal Auto,Four-Door Car
QJ93301,Nevada,M,Master,0,44661,101,0,436,Personal Auto,Two-Door Car
OO92815,Arizona,F,High School or Below,0,21246,83,0,398,Personal Auto,Four-Door Car
HV50891,Nevada,M,Doctor,0,31278,92,0,441,Personal Auto,Two-Door Car
RK59543,California,F,High School or Below,0,74454,71,0,340,Personal Auto,Four-Door Car
IH54239,California,M,Master,0,62474,63,0,112,Personal Auto,Four-Door Car
GB14456,Nevada,M,High School or Below,0,0,130,0,1376,Personal Auto,SUV
RC95515,Arizona,M,College,0,20647,63,0,185,Personal Auto,Four-Door Car
TI61458,California,F,Bachelor,0,33806,89,0,395,Personal Auto,Four-Door Car
RB49468,Oregon,F,Bachelor,0,0,70,0,340,Personal Auto,Four-Door Car
SJ18454,Oregon,M,High School or Below,0,0,111,0,900,Personal Auto,Sports Car
KC19420,California,F,College,0,19589,127,0,1027,Personal Auto,SUV
TP12241,California,F,College,0,22338,67,0,307,Personal Auto,Two-Door Car
BD89564,Nevada,M,College,0,66839,154,0,739,Personal Auto,Sports Car
EC71986,Washington,F,High School or Below,0,26736,63,0,367,Personal Auto,Four-Door Car
CJ97736,Oregon,F,College,0,31364,74,0,461,Personal Auto,Four-Door Car
QF59448,Washington,M,College,0,17752,77,0,369,Personal Auto,Four-Door Car
YB70005,Oregon,M,College,0,36225,123,0,221,Special Auto,SUV
QI40455,Oregon,F,Doctor,0,0,107,0,271,Personal Auto,SUV
YL72747,California,M,High School or Below,0,0,61,0,292,Personal Auto,Four-Door Car
FL18392,California,F,Bachelor,0,77601,71,0,276,Personal Auto,Two-Door Car
AL21967,Oregon,M,Master,0,74243,84,0,71,Corporate Auto,Four-Door Car
KC67431,California,F,College,0,46707,133,0,80,Personal Auto,Sports Car
EG40823,Oregon,F,Bachelor,0,0,116,0,765,Personal Auto,SUV
QO89177,California,M,College,0,50234,101,0,484,Personal Auto,Four-Door Car
AV72430,Oregon,M,Master,0,75526,103,0,494,Personal Auto,Four-Door Car
TL18087,Washington,M,Bachelor,0,65083,77,0,369,Personal Auto,Four-Door Car
WI29961,Nevada,M,High School or Below,0,28343,69,0,331,Personal Auto,Two-Door Car
ZR11692,California,M,Bachelor,0,74948,64,0,216,Corporate Auto,Four-Door Car
No36572,Oregon,M,High School or Below,0,22728,116,0,556,Personal Auto,Four-Door Car
YZ56105,California,F,High School or Below,0,0,99,0,712,Personal Auto,Two-Door Car
MN62189,California,F,High School or Below,0,17331,117,0,1138,Personal Auto,SUV
MQ32284,California,F,College,0,35133,102,0,692,Personal Auto,SUV
NS38229,Nevada,F,College,0,63147,64,0,87,Personal Auto,Four-Door Car
IB41597,California,F,College,0,67575,91,0,401,Personal Auto,Four-Door Car
IP68868,Oregon,M,High School or Below,0,0,111,0,799,Personal Auto,Two-Door Car
EL70257,California,F,High School or Below,0,48315,71,0,340,Personal Auto,Four-Door Car
NB27041,Arizona,F,High School or Below,0,34337,113,0,542,Corporate Auto,Four-Door Car
BM28359,Oregon,M,High School or Below,0,33818,72,0,341,Personal Auto,Four-Door Car
VB77950,California,F,High School or Below,0,22439,98,0,470,Personal Auto,Four-Door Car
PE47967,Oregon,F,College,0,79055,186,0,177,Personal Auto,Luxury SUV
QR47308,Nevada,F,College,0,45191,69,0,330,Personal Auto,Four-Door Car
YU49449,California,M,Bachelor,0,41990,66,0,316,Personal Auto,Four-Door Car
KN25124,Oregon,F,Master,0,50979,61,0,262,Personal Auto,Two-Door Car
HI51182,Oregon,F,College,0,59888,106,0,712,Personal Auto,Four-Door Car
MS18916,California,M,College,0,20978,98,0,1176,Personal Auto,Four-Door Car
IE40701,California,M,High School or Below,0,32807,73,0,350,Personal Auto,Four-Door Car
UT48216,Nevada,M,College,0,58414,210,0,1008,Personal Auto,Luxury SUV
VN92740,Arizona,F,College,0,50071,71,0,18,Corporate Auto,Two-Door Car
IZ55070,Nevada,F,High School or Below,0,67796,69,0,331,Personal Auto,Four-Door Car
HI74419,Washington,M,College,0,50825,102,0,369,Personal Auto,SUV
MP76478,Washington,F,High School or Below,0,64125,108,0,369,Corporate Auto,SUV
DY30071,Oregon,M,Bachelor,0,69387,71,0,71,Personal Auto,Four-Door Car
ZN24083,Oregon,M,Doctor,0,29084,71,0,492,Corporate Auto,Four-Door Car
JU74347,Oregon,M,Bachelor,0,60214,100,0,291,Corporate Auto,Sports Car
YJ35850,Oregon,M,High School or Below,0,96018,122,0,390,Personal Auto,SUV
IE15348,Washington,F,High School or Below,0,28466,102,0,371,Personal Auto,SUV
GP67816,California,F,High School or Below,0,60233,116,0,481,Personal Auto,Two-Door Car
PW51793,Oregon,M,Bachelor,0,52920,93,0,1101,Personal Auto,Four-Door Car
UF59346,California,M,Bachelor,0,90310,104,0,166,Personal Auto,SUV
FG29932,California,M,College,0,58414,210,0,1008,Special Auto,Luxury SUV
UX71137,Washington,F,Doctor,0,69205,110,0,372,Personal Auto,Four-Door Car
BY54111,Oregon,M,High School or Below,0,21159,73,0,350,Personal Auto,Four-Door Car
RM83767,Washington,M,College,0,64008,85,0,372,Personal Auto,Four-Door Car
PT15464,Arizona,F,Bachelor,0,68236,114,0,20,Personal Auto,SUV
BP92643,Arizona,F,High School or Below,0,59207,116,0,556,Personal Auto,Four-Door Car
BW94308,Washington,F,High School or Below,0,92766,71,0,379,Personal Auto,Two-Door Car
GQ46925,Arizona,M,High School or Below,0,77563,143,0,545,Personal Auto,Sports Car
RF14806,Arizona,F,College,0,33415,78,0,374,Personal Auto,Four-Door Car
KJ23009,California,F,Bachelor,0,20179,133,0,638,Corporate Auto,SUV
IB81655,California,M,Bachelor,0,50147,101,0,484,Personal Auto,SUV
SV62436,Washington,nan,Bachelor,0,13789,79,0,379,Personal Auto,Four-Door Car
HR64684,Oregon,M,Master,0,0,99,0,475,Personal Auto,Four-Door Car
QS96715,Nevada,F,High School or Below,0,93715,102,0,254,Personal Auto,SUV
SW55711,Oregon,M,High School or Below,0,23540,103,0,494,Corporate Auto,Two-Door Car
LZ19268,California,F,College,0,25370,102,0,489,Personal Auto,Sports Car
FU74983,Nevada,F,Bachelor,0,68771,96,0,276,Personal Auto,Four-Door Car
KB99097,California,F,Bachelor,0,0,73,0,350,Special Auto,Two-Door Car
AP52126,Oregon,F,College,0,68562,108,0,228,Personal Auto,SUV
EX61844,Arizona,M,High School or Below,0,36733,71,0,327,Personal Auto,Four-Door Car
QC30857,Nevada,F,College,0,45768,73,0,191,Personal Auto,Two-Door Car
RT69513,California,F,Bachelor,0,0,64,0,307,Personal Auto,Four-Door Car
HV85198,Arizona,M,Master,0,63513,70,0,185,Personal Auto,Four-Door Car
BS91566,Arizona,F,College,0,58161,68,0,140,Corporate Auto,Four-Door Car
IL40123,Nevada,F,College,0,83640,70,0,471,Corporate Auto,Two-Door Car
MY32149,California,F,Master,0,0,96,0,28,Personal Auto,Two-Door Car
SA91515,California,M,Bachelor,0,0,111,0,700,Personal Auto,SUV
